Employee_Name,Employee_EmailID,Secret_Child_Name,Secret_Child_EmailID
Rohan,rohan@example.com,Ishita,ishita@example.com
Saanvi,saanvi@example.com,Pari,pari@example.com
Ishaan,ishaan@example.com,Advik,advik@example.com
Kiara,kiara@example.com,Avni,avni@example.com
Kabir,kabir@example.com,Diya,diya@example.com
Krishna,krishna@example.com,Riya,riya@example.com
Ananya,ananya@example.com,Aryan,aryan@example.com
Aarav,aarav@example.com,Vihaan,vihaan@example.com
Aadhya,aadhya@example.com,Vivaan,vivaan@example.com
Arjun,arjun@example.com,Myra,myra@example.com
